1066,動畫原創
926,第38卷第8話
1067,第28卷第15話
816,第35卷第11話
1068,第14卷第5話
844,第41卷第7話
1069,第23卷第3話
879,動畫原創
1070,第26卷第15話
907,動畫原創
1071,第12卷第4話
673,動畫原創
1072,動畫原創
950,第8卷第7話
795,動畫原創
1073,第17卷第8話
940,動畫原創
1074,第26卷第10話
869,《哆啦A夢彩色作品集》第5卷第2話
1075,第41卷第1話
877,動畫原創
1076,第38卷第10話
1077,第20卷第9話
871,第24卷第6話
M38,大長篇38
1078,第9卷第10話
955,第41卷第10話
1079,動畫原創
866,第41卷第6話
1080,《藤子.F.不二雄大全集 哆啦A夢》第6卷
983,動畫原創
,大長篇36
1081,第13卷第2話
872,第26卷第12話
1082,第7卷第13話
1083,第14卷第4話
1084,第10卷第21話
1085,動畫原創
961,《藤子.F.不二雄大全集 哆啦A夢》第4卷第39話
1086,第16卷第16話
925,動畫原創
1087,第33卷第6話
1088,第14卷第10話
1089,《藤子.F.不二雄大全集 哆啦A夢》第17卷
1090,第19卷第13話
1091,第13卷第7話
1092,《哆啦A夢彩色作品集》第2卷第7話
1093,第9卷第1話
1094,第3卷第1話
1095,動畫原創
1096,第8卷第3話
1097,《哆啦A夢彩色作品集》第2卷第3集
1098,第21卷第10話
1099,動畫原創
1100,第33卷第8話
1101,第7卷第15話
1102,動畫原創
1103,第18卷第4話
1104,第8卷第11話
1105,P第1卷第5話
1106,第11卷第2話
1107,第17卷第3話
1108,第39卷第12話
412,第4卷第18話
229,第2卷第5話
230,第31卷第17話
594,第20卷第18話
1109,第8卷第9話
1110,第37卷第5話
1111,動畫原創
892,動畫原創
1112,第36卷第7話
587,動畫原創
1113,第20卷第19話
396,第25卷第15話
1114,P第6卷第13話
1115,第20卷第15話
1116,第16卷第5話
1117,第39卷第10話
1118,第26卷第1話
1119,第1卷第14話
1120,第18卷第9話
1121,《藤子.F.不二雄大全集 哆啦A夢》第15卷第76話
1122,第17卷第12話
1123,第7卷第19話
1124,動畫原創
1125,第19卷第18話
1126,P第6卷第10話
1127,第19卷第9話
1128,第10卷第15話
1129,動畫原創
1130,第18卷第13話
1131,第21卷第16話
1132,第23卷第2話
1133,動畫原創
990,《哆啦A夢彩色作品集》第1卷第20話
1134,第31卷第9話
965,動畫原創
1135,動畫原創
1136,第3卷第15話
1137,大藤子.F.不二雄大全集 哆啦A夢集第5卷第1話
1138,動畫原創
1139,動畫原創
1140,第32巻第17話
1141,第11卷第6話
1142,動畫原創
998,動畫原創
1143,第6巻第7話
1006,第13巻第9話
1144,第44卷第18話
1145,動畫原創
1146,第6巻第6話
1147,第10巻第1話
1148,第10巻第14話
1149,第37巻第11話
1150,動畫原創
936,動畫原創
1151,第30卷第8話
1152,第18卷第20話
1153,P第1卷第9話
1005,動畫原創
1154,第36卷第11話
1155,P第1卷第22話
1156,動畫原創
1157,第12卷第5話
1158,動畫原創
1159,第10卷第11話
1160,第8卷第19話
1161,第23卷第7話
1162,動畫原創
1163,動畫原創
1164,第21卷第6話
1165,P第1卷第14話
1166,動畫原創
939,P第3卷第2話
1167,第15卷第2話
1018,動畫原創
1168,第31卷第3話
938,第10卷第18話
1169,哆啦A夢彩色作品集色作品第1卷
870,《哆啦A夢》第39集第18話
1084,第10卷第21話
1170,動畫原創
1171,第41卷10話
1172,動畫原創
1173,第27卷第7話
1174,第41巻第12話
1175,第4卷第6話
1176,第20巻第11話
1177,第8卷第10話
1178,第40卷第14話
1179,第43卷第3話
1180,第36巻第1話
1181,第42卷第1話
1182,動畫原創
1183,動畫原創
1184,動畫原創
1185,動畫原創
1186,第17卷第9話
1187,動畫原創
1188,動畫原創
1189,第5卷第13話
1190,動畫原創
1191,第38卷第16話
886,動畫原創
1192,動畫原創
963,第37巻第10話
1193,第21巻第3話
747,第32巻第4話
823,藤子．F．不二雄博物館上映之劇場版
836,《哆啦A夢》第36集第10話
1194,第33巻第10話
1195,第33卷第1話
1196,動畫原創
1197,第13巻第5話
1198,動畫原創
1199,《哆啦A夢彩色作品集》第6卷第7話
1200,動畫原創
288,第6卷第18話
1201,動畫原創
1202,動畫原創
1203,第11巻第4話
1204,第10巻第6話
1118,第26卷第1話
1205,《哆啦A夢Plus》第6冊第12話
1206,動畫原創
1207,第17卷第14話
1208,動畫原創
1209,第12卷第2話
1210,第15卷第14話
1211,第2卷第6話
1212,大藤子.F.不二雄大全集 哆啦A夢集第8卷第13話
594,動畫原創
1213,第15卷第10話
1214,第24卷第11話
M40,大長篇40
1215,第35卷第19話
1216,動畫原創
1217,第1卷第7話
1218,第44卷第20話
1219,第3卷第6話
1220,第40卷第18話
1221,大藤子.F.不二雄大全集 哆啦A夢集第10卷第51話
1222,第16卷第9話
1223,第13卷第3話
545,第15卷第13話
675,動畫原創
1224,第6卷第15話
1225,動畫原創
749,動畫原創
1226,動畫原創
1227,哆啦A夢彩色作品集色作品集第4卷第19話
1228,第22卷第8話
1229,第34卷第5話
1230,第7卷第7話
481,動畫原創
1231,第45卷第13話
1232,第26卷第9話
1233,《哆啦A夢Plus》第6冊第9話
1234,第19卷第6話
1235,動畫原創
1236,第16卷第14話
1237,動畫原創
1238,第22卷第14話
1239,動畫原創
1240,P第6卷第4話
1241,第25卷第3話
1242,第38卷第9話
1243,第31卷第2話
1244,第9卷第16話
1245,動畫原創
1246,第10卷第17話
1247,第0卷第8話
1248,第13卷第19話
248,第37卷第18話
1249,第36卷第8話
1250,第2卷第4話
1251,第40卷第19話
934,第44卷第1話
1252,動畫原創
794,動畫原創
1253,動畫原創
1254,第11卷第14話
1172,動畫原創
1255,動畫原創
1256,動畫原創
1257,第23卷第8話
1258,第37卷第13話
627,動畫原創
1259,第6卷第12話
646,第7卷第16話
1260,第27卷第1話
493,動畫原創
1261,第42卷第6話
1262,第32卷第13話
1263,動畫原創
1264,第32卷第16話
1265,第45卷第5話
1266,第29卷第1話
1267,第16卷第3話
1268,第29卷第7話
1269,動畫原創
1270,第31卷第12話
1271,大山版動畫第1522集
1272,第6卷第12話
1273,第44卷第8話
1274,第44卷第17話
662,第43卷第15話
1275,動畫原創
1276,第23巻第6話
1277,第39巻第1話
1278,第17巻第12話
1279,第37卷第8話
1280,第34卷第10話
1281,第23卷第4話
899,動畫原創
1282,動畫原創
1283,第40巻第15話
1284,動畫原創
286,第20卷第8話
